zpid,price,street,city,state,zipcode,beds,baths,area,latitude,longitude,home_type,tax_assessed_value,lot_area_value,days_on_zillow
70312351,229700,13219 Forest Pines Village Ln,Houston,TX,77067,3.0,3.0,2358.0,29.960323,-95.43068,SINGLE_FAMILY,269286.0,2561.328,126
27942887,180000,5847 Southington St,Houston,TX,77033,3.0,3.0,1597.0,29.680464,-95.33293,SINGLE_FAMILY,215275.0,7819.02,0
28093352,629999,11211 Timberline Rd,Houston,TX,77043,4.0,3.0,2243.0,29.79255,-95.581604,SINGLE_FAMILY,373054.0,9252.144,39
27983296,269000,938 Marleen St,Houston,TX,77034,3.0,2.0,1625.0,29.651548,-95.23703,SINGLE_FAMILY,224284.0,8049.888,1
27999926,1245000,11702 Denise Dr,Houston,TX,77024,4.0,3.0,2136.0,29.779835,-95.52839,SINGLE_FAMILY,1020000.0,0.2925,47
27762633,610000,113 E 4th St,Houston,TX,77007,2.0,1.0,1092.0,29.77803,-95.39662,SINGLE_FAMILY,504429.0,4399.56,5
28165562,310000,18018 Bambriar Dr,Houston,TX,77090,5.0,3.0,2678.0,30.029427,-95.4622,SINGLE_FAMILY,268105.0,8999.496,21
27778253,519000,711 Archer St,Houston,TX,77009,2.0,2.0,1482.0,29.797953,-95.37408,SINGLE_FAMILY,555310.0,5000.688,11
123231244,695000,1808 Vermont St,Houston,TX,77006,3.0,4.0,2791.0,29.74935,-95.4017,SINGLE_FAMILY,670193.0,1833.876,54
80541171,359900,18210 Bayou Branch Dr,Houston,TX,77084,5.0,3.0,3655.0,29.822445,-95.68249,SINGLE_FAMILY,406948.0,6490.44,32
28297456,335000,12923 Skymeadow Dr,Houston,TX,77082,3.0,3.0,2081.0,29.726591,-95.61448,SINGLE_FAMILY,272261.0,7274.52,12
27753579,560000,2119 Carter St,Houston,TX,77008,3.0,2.0,1386.0,29.80633,-95.38969,SINGLE_FAMILY,583515.0,5000.688,10
28435596,595000,18026 Widcombe Dr,Houston,TX,77084,5.0,5.0,4274.0,29.83776,-95.67731,SINGLE_FAMILY,549032.0,9726.948,7
28475418,290000,3322 Strong Winds Dr,Houston,TX,77014,4.0,2.0,1792.0,29.983116,-95.46842,SINGLE_FAMILY,275055.0,6494.796,83
28291460,155000,3131 Cummins St APT 23,Houston,TX,77027,2.0,1.0,758.0,29.7374,-95.43805,CONDO,128280.0,1.8753,81
27785353,324990,44 Dipping Ln,Houston,TX,77076,3.0,2.0,1496.0,29.84933,-95.38106,SINGLE_FAMILY,251350.0,1851.3,43
339419769,359000,1805 Harlem St,Houston,TX,77020,3.0,4.0,1941.0,29.77762,-95.31684,SINGLE_FAMILY,35000.0,2500.344,36
28084119,1200500,655 W Forest Dr,Houston,TX,77079,5.0,4.0,3430.0,29.772099,-95.58624,SINGLE_FAMILY,828203.0,0.2753,46
28278685,398000,718 Trademark Pl,Houston,TX,77079,4.0,3.0,2922.0,29.77638,-95.64203,SINGLE_FAMILY,395599.0,6468.66,68
27994419,290000,4709 Sanford Rd,Houston,TX,77035,2.0,1.0,1091.0,29.6575,-95.4579,SINGLE_FAMILY,184031.0,7004.448,64
68416893,375500,9822 Samantha Suzanne Ct,Houston,TX,77025,4.0,3.0,2284.0,29.676355,-95.43433,TOWNHOUSE,302706.0,1754.0,458
28062760,569000,10602 Meadow Lake Ln,Houston,TX,77042,4.0,2.0,2586.0,29.742607,-95.563354,SINGLE_FAMILY,475465.0,9761.796,20
97616289,540000,3414 Goodhope St,Houston,TX,77021,3.0,3.0,2810.0,29.684961,-95.37734,MULTI_FAMILY,100000.0,5000.0,1
27789913,244500,6717 Avenue H,Houston,TX,77011,5.0,5.0,1804.0,29.742056,-95.30503,MULTI_FAMILY,174791.0,5000.0,494
28388167,242000,2829 Timmons Ln #184,Houston,TX,77027,2.0,2.0,1250.0,29.739183,-95.43622,CONDO,239139.0,4.4415,0
80582755,325000,19834 Village Tree Way,Houston,TX,77084,3.0,2.0,2309.0,29.813753,-95.717125,SINGLE_FAMILY,344659.0,6385.896,5
28190784,285000,10503 Cook Rd,Houston,TX,77099,4.0,2.0,1821.0,29.665154,-95.60191,SINGLE_FAMILY,231857.0,7474.896,93
28253955,273000,16911 Laurajean Ln,Houston,TX,77084,3.0,2.0,1918.0,29.849525,-95.659386,SINGLE_FAMILY,237823.0,6298.776,43
28388280,278000,2626 Amaranth Dr,Houston,TX,77084,3.0,2.0,1844.0,29.80646,-95.71801,SINGLE_FAMILY,286814.0,6899.904,19
27854977,444900,6645 Fairfield St,Houston,TX,77023,2.0,1.0,1594.0,29.722816,-95.30989,SINGLE_FAMILY,426530.0,5749.92,16
27836995,349000,5715 Corl St,Houston,TX,77087,5.0,4.0,1927.0,29.68235,-95.30935,SINGLE_FAMILY,249616.0,10001.376,13
58224198,520000,13414 Durbridge Trail Dr,Houston,TX,77065,6.0,4.0,3947.0,29.925545,-95.6192,SINGLE_FAMILY,479025.0,7579.44,5
62564759,330000,10010 Caldera Canyon Dr,Houston,TX,77095,4.0,2.0,2370.0,29.92093,-95.67757,SINGLE_FAMILY,356152.0,6895.548,97
28009456,240000,647 Eastlake St,Houston,TX,77034,3.0,2.0,1460.0,29.644684,-95.22879,SINGLE_FAMILY,196759.0,6899.904,43
28521517,320000,9415 Barretts Glen Ct,Houston,TX,77065,4.0,2.0,2239.0,29.909128,-95.60445,SINGLE_FAMILY,320637.0,7562.016,99
28198650,289995,3503 Almington Ln,Houston,TX,77088,3.0,2.0,1598.0,29.874266,-95.45623,SINGLE_FAMILY,240273.0,7056.72,53
27847379,250000,702 E 41st St,Houston,TX,77022,2.0,2.0,1224.0,29.823359,-95.39121,SINGLE_FAMILY,201551.0,7148.196,44
123231755,219000,21430 Jamals Way,Houston,TX,77073,4.0,2.0,1650.0,30.025627,-95.38604,SINGLE_FAMILY,143588.0,4726.26,76
28132067,270000,13818 Overbrook Ln,Houston,TX,77077,3.0,2.0,1701.0,29.738405,-95.63392,SINGLE_FAMILY,224927.0,7261.452,20
28215380,379000,14035 Cleobrook Dr,Houston,TX,77070,4.0,4.0,2929.0,29.983387,-95.55326,SINGLE_FAMILY,284500.0,8999.496,11
28042514,594000,2910 Freshmeadows Dr,Houston,TX,77063,3.0,2.0,2230.0,29.733994,-95.502975,SINGLE_FAMILY,500905.0,10240.956,47
28041318,850000,2011 Widdicomb Ct,Houston,TX,77008,3.0,2.0,2132.0,29.80525,-95.439415,SINGLE_FAMILY,701723.0,9339.264,11
80517520,519990,2003 Roy St,Houston,TX,77007,3.0,4.0,2572.0,29.778177,-95.41264,TOWNHOUSE,445938.0,2500.0,29
84055460,195000,6120 Maybell St,Houston,TX,77091,3.0,2.0,1291.0,29.853046,-95.4177,SINGLE_FAMILY,132358.0,7740.612,123
80527589,385000,16827 Newlight Bend Dr,Houston,TX,77095,3.0,2.0,1879.0,29.911089,-95.66736,SINGLE_FAMILY,327130.0,7531.524,21
28419904,137000,2120 El Paseo St APT 1403,Houston,TX,77054,2.0,1.0,964.0,29.688602,-95.39161,CONDO,117893.0,3.3312,25
28478710,65000,7402 Alabonson Rd UNIT 203,Houston,TX,77088,1.0,1.0,663.0,29.877434,-95.48332,CONDO,32608.0,3.0924,45
27783315,487900,1006 Nadine St,Houston,TX,77009,3.0,2.0,1250.0,29.806965,-95.38477,SINGLE_FAMILY,397455.0,5000.688,35
125756633,384900,6903 Ibex Ln,Houston,TX,77049,4.0,4.0,3873.0,29.823437,-95.177444,SINGLE_FAMILY,432097.0,6851.988,49
58670108,343525,11835 Elkington Ct,Houston,TX,77071,4.0,4.0,2593.0,29.648916,-95.52925,SINGLE_FAMILY,314504.0,4996.332,11
97619471,339000,6513 Goldspier St,Houston,TX,77091,3.0,3.0,1885.0,29.858034,-95.449936,SINGLE_FAMILY,72480.0,8102.16,122
28491834,299950,10234 Tablerock Dr,Houston,TX,77064,4.0,3.0,2010.0,29.919294,-95.57334,SINGLE_FAMILY,278368.0,6298.776,19
123238214,235000,2710 Hullsmith Dr APT 604,Houston,TX,77063,2.0,2.0,1501.0,29.735628,-95.507614,TOWNHOUSE,256033.0,2.0503,8
84044036,1174000,304 Knox St,Houston,TX,77007,4.0,4.0,3320.0,29.765173,-95.42066,SINGLE_FAMILY,1176269.0,5749.92,53
28207974,239900,5763 Easthampton Dr UNIT B,Houston,TX,77039,3.0,3.0,2040.0,29.901728,-95.30556,TOWNHOUSE,196613.0,1860.0,144
28381407,116000,2824 Briarhurst Dr APT 30,Houston,TX,77057,1.0,1.0,706.0,29.735067,-95.493095,CONDO,95409.0,2.1594,8
28255385,264900,10102 Sagecanyon Dr,Houston,TX,77089,4.0,3.0,2556.0,29.597338,-95.24264,SINGLE_FAMILY,288766.0,6965.244,121
68425734,174900,9200 Westheimer Rd APT 1210,Houston,TX,77063,1.0,2.0,858.0,29.738504,-95.525955,TOWNHOUSE,172453.0,7.3659,28
27875667,475000,412 Eleanor St,Houston,TX,77009,3.0,2.0,1376.0,29.81214,-95.36613,SINGLE_FAMILY,494286.0,5301.252,21
58678313,440000,2022 Bailey St,Houston,TX,77006,3.0,3.0,2234.0,29.750408,-95.38254,TOWNHOUSE,396000.0,1983.0,0
52415058,709000,7103 Mohave Hls,Houston,TX,77069,4.0,4.0,4139.0,29.984324,-95.545555,SINGLE_FAMILY,591454.0,0.255,6
28481211,209500,3154 Holly Hall St #3154,Houston,TX,77054,2.0,3.0,1600.0,29.68623,-95.38198,TOWNHOUSE,184893.0,15.5427,109
27978574,1399900,9618 Long Branch Ln,Houston,TX,77055,5.0,6.0,4302.0,29.789618,-95.52681,SINGLE_FAMILY,353266.0,8450.64,149
28445630,139900,12550 Whittington Dr APT 1012,Houston,TX,77077,2.0,2.0,1002.0,29.74737,-95.604454,CONDO,132178.0,2.2527,91
97624244,529900,604 Jackson Hill St UNIT D,Houston,TX,77007,3.0,4.0,2325.0,29.766731,-95.401665,TOWNHOUSE,543272.0,1403.0,4
89649120,634900,5341 Nolda St,Houston,TX,77007,3.0,3.0,2545.0,29.77574,-95.4177,SINGLE_FAMILY,528289.0,2558.0,56
28499362,588000,6791 Lempira Ct,Houston,TX,77069,4.0,5.0,3807.0,29.98099,-95.538864,SINGLE_FAMILY,424984.0,0.26680000000000004,5
28484621,125000,2626 Holly Hall St APT 902,Houston,TX,77054,2.0,2.0,1012.0,29.684467,-95.388435,CONDO,123945.0,2.0578,99
126258294,470000,2130 Dennis St,Houston,TX,77004,3.0,4.0,2365.0,29.738188,-95.3651,SINGLE_FAMILY,427422.0,1694.484,40
27935925,525000,3810 Cosby St,Houston,TX,77021,4.0,3.0,2465.0,29.697598,-95.36174,SINGLE_FAMILY,316708.0,6481.728,7
27779133,230000,4843 Bricker St,Houston,TX,77033,3.0,3.0,1925.0,29.672125,-95.35272,SINGLE_FAMILY,156476.0,0.2525,41
27769222,420000,7124 Avenue P,Houston,TX,77011,3.0,2.0,1684.0,29.744526,-95.29479,SINGLE_FAMILY,444511.0,10001.376,64
28401539,264999,1860 White Oak Dr APT 249,Houston,TX,77009,2.0,3.0,1224.0,29.782377,-95.37674,CONDO,269781.0,1.6582,27
28106217,830000,7603 Del Monte Dr,Houston,TX,77063,3.0,4.0,2912.0,29.745314,-95.502884,TOWNHOUSE,442277.0,2238.0,120
28500718,359000,1606 Mabry Mill Rd,Houston,TX,77062,4.0,3.0,2250.0,29.586952,-95.14068,SINGLE_FAMILY,362143.0,6886.836,21
97596872,341500,1415 Milby St,Houston,TX,77003,3.0,2.0,1234.0,29.739529,-95.34279,SINGLE_FAMILY,359144.0,4499.748,90
80582336,252000,13030 Crescent Manor Ln,Houston,TX,77072,3.0,2.0,1575.0,29.686096,-95.612305,SINGLE_FAMILY,245022.0,4830.804,69
28417716,109000,18519 Egret Bay Blvd APT 1706,Houston,TX,77058,2.0,1.0,788.0,29.540857,-95.098885,CONDO,122104.0,3.0849,4
28106911,223000,7023 Venus St,Houston,TX,77088,3.0,1.0,1245.0,29.864395,-95.45069,SINGLE_FAMILY,145596.0,6608.052,77
28089300,790000,18214 Nassau Bay Dr,Houston,TX,77058,4.0,3.0,3139.0,29.542574,-95.09979,SINGLE_FAMILY,600157.0,0.9366000000000001,24
28424790,69900,12500 Sandpiper Dr APT 184,Houston,TX,77035,2.0,1.0,966.0,29.640802,-95.50385,CONDO,63199.0,4.5457,58
28106496,575000,18603 Point Lookout Dr,Houston,TX,77058,4.0,3.0,2957.0,29.539387,-95.090225,SINGLE_FAMILY,467154.0,0.26189999999999997,60
2053971110,325000,12214 Heather Flower Ln,Houston,TX,77014,4.0,3.0,2037.0,29.967049,-95.464455,SINGLE_FAMILY,56478.0,4957.128,176
28148745,629000,10811 Cranbrook Rd,Houston,TX,77042,5.0,4.0,2872.0,29.756077,-95.567894,SINGLE_FAMILY,591315.0,9761.796,81
2056842644,314900,6412 Leopold Star Ln,Houston,TX,77048,3.0,3.0,1735.0,29.608591,-95.3087,SINGLE_FAMILY,36449.0,2858.0,124
28036839,260000,11039 Cedarview Ln,Houston,TX,77041,4.0,3.0,1640.0,29.8607,-95.57236,SINGLE_FAMILY,205486.0,7801.596,2
27842761,1125000,1971 W McKinney St,Houston,TX,77019,2.0,2.0,3654.0,29.759144,-95.389786,SINGLE_FAMILY,1171418.0,5000.688,25
161434703,274990,16547 Mablethorpe Ln,Houston,TX,77073,3.0,3.0,2108.0,30.013609,-95.410255,SINGLE_FAMILY,288069.0,4599.936,26
28378006,301000,6531 Alisa Ln,Houston,TX,77084,4.0,3.0,2052.0,29.87109,-95.64031,SINGLE_FAMILY,290047.0,6825.852,41
28370799,75000,6601 Sands Point Dr APT 48,Houston,TX,77074,1.0,1.0,804.0,29.710314,-95.499725,CONDO,105041.0,3.7069,7
97671770,325000,6935 Ardmore St,Houston,TX,77054,2.0,3.0,1938.0,29.697668,-95.37763,TOWNHOUSE,330853.0,1483.0,2
27888488,175000,5802 Crane St,Houston,TX,77026,2.0,1.0,1038.0,29.796854,-95.311584,SINGLE_FAMILY,187985.0,10859.508,15
27906992,329900,5834 Imogene St,Houston,TX,77074,3.0,3.0,1722.0,29.683426,-95.4955,SINGLE_FAMILY,322709.0,7000.092,28
28294269,100000,2501 Marilee Ln APT 1,Houston,TX,77057,1.0,1.0,788.0,29.740498,-95.49788,TOWNHOUSE,87468.0,6.4135,46
27970613,359999,303 Victoria Dr,Houston,TX,77022,2.0,2.0,1310.0,29.83588,-95.39754,SINGLE_FAMILY,313429.0,9099.684,35
28448807,255000,9314 Rippling Fields Dr,Houston,TX,77064,3.0,2.0,1227.0,29.928125,-95.562485,SINGLE_FAMILY,220419.0,4634.784,111
28194484,156900,7724 Challie Ln #7724,Houston,TX,77088,3.0,3.0,1907.0,29.87996,-95.476234,TOWNHOUSE,165988.0,1403.0,25
27816747,325000,5217 Claremont St,Houston,TX,77023,3.0,2.0,1240.0,29.730194,-95.32363,SINGLE_FAMILY,250356.0,5301.252,113
80523982,295600,19926 Bettencourt Ln,Houston,TX,77073,4.0,3.0,2144.0,29.979965,-95.398445,SINGLE_FAMILY,253277.0,5174.928,20
27984296,241000,5219 Myrtlewood St,Houston,TX,77033,4.0,2.0,1120.0,29.66817,-95.34561,SINGLE_FAMILY,222505.0,6159.384,47
27912480,1380000,1906 Ebony Ln,Houston,TX,77018,4.0,4.0,3892.0,29.8221,-95.44621,SINGLE_FAMILY,1095700.0,7801.596,57
28324583,135000,2120 Wilcrest Dr APT 113,Houston,TX,77042,2.0,3.0,1200.0,29.743347,-95.57276,CONDO,134646.0,1.8222,77
27775996,550000,1106 Oneil St,Houston,TX,77019,2.0,1.0,1428.0,29.752869,-95.37894,SINGLE_FAMILY,396912.0,5000.688,316
27808836,235999,8617 Dosia St,Houston,TX,77051,3.0,2.0,1485.0,29.667707,-95.35816,SINGLE_FAMILY,258296.0,4399.56,49
28223332,339500,14668 Perthshire Rd APT C,Houston,TX,77079,4.0,3.0,2726.0,29.77525,-95.60748,TOWNHOUSE,356404.0,1558.0,12
27812811,475000,8310 Parnell St,Houston,TX,77051,3.0,3.0,2360.0,29.671432,-95.37547,MULTI_FAMILY,121132.0,5512.0,82
28534851,478000,7802 Percussion Pl,Houston,TX,77040,4.0,3.0,2889.0,29.886513,-95.52519,SINGLE_FAMILY,492582.0,8934.156,9
80386658,355000,7846 Crystal Moon Dr,Houston,TX,77040,4.0,3.0,2593.0,29.893555,-95.51807,SINGLE_FAMILY,361602.0,6842.0,46
27777478,380000,7334 Texas St,Houston,TX,77011,5.0,3.0,2282.0,29.732533,-95.29486,MULTI_FAMILY,309315.0,4251.456,33
62565148,379000,16127 Woodbend Trail Dr,Houston,TX,77070,3.0,3.0,2615.0,30.004972,-95.57772,SINGLE_FAMILY,336064.0,5641.02,26
28113305,700000,1902 Port Royal Dr,Houston,TX,77058,5.0,4.0,3400.0,29.538542,-95.08706,SINGLE_FAMILY,478398.0,0.2511,53
161437622,634999,1207 Hickory St #G,Houston,TX,77007,3.0,4.0,2822.0,29.769358,-95.37175,SINGLE_FAMILY,594662.0,1511.532,53
27811750,165000,2811 Amboy St,Houston,TX,77026,4.0,2.0,1444.0,29.786701,-95.325165,SINGLE_FAMILY,154588.0,5000.688,2
28330931,249900,8107 Misty Ridge Ln,Houston,TX,77071,3.0,3.0,1860.0,29.638458,-95.5214,SINGLE_FAMILY,247013.0,5248.98,39
27857438,599000,969 Wakefield Dr,Houston,TX,77018,1.0,1.0,1920.0,29.82125,-95.42355,MULTI_FAMILY,377200.0,7500.0,137
28180173,195000,12415 W Hardy Rd,Houston,TX,77037,3.0,2.0,1350.0,29.880238,-95.36841,SINGLE_FAMILY,73398.0,4238.388,148
97623218,315000,2106 Bringhurst St,Houston,TX,77026,3.0,3.0,1600.0,29.781075,-95.33398,SINGLE_FAMILY,67500.0,2263.0,35
27833220,229000,6510 Sidney St,Houston,TX,77021,3.0,2.0,1064.0,29.694134,-95.35529,SINGLE_FAMILY,160444.0,5000.688,112
28240575,375000,5102 Birchmont Dr,Houston,TX,77091,3.0,3.0,2073.0,29.84401,-95.46744,SINGLE_FAMILY,286577.0,4016.232,21
28438324,150000,2211 S Kirkwood Rd APT 25,Houston,TX,77077,1.0,2.0,939.0,29.742355,-95.5877,TOWNHOUSE,150816.0,3.8262,4
27873651,549900,927 Gardenia Dr,Houston,TX,77018,3.0,2.0,1548.0,29.826065,-95.42155,SINGLE_FAMILY,579238.0,6660.324,27
80521663,199900,2839 Cypress Island Dr,Houston,TX,77073,3.0,2.0,1255.0,30.035172,-95.384705,SINGLE_FAMILY,211856.0,6046.128,12
28098396,200000,2510 Jamestown Mall #58,Houston,TX,77057,2.0,2.0,1140.0,29.739656,-95.49117,TOWNHOUSE,207990.0,4.905,5
28205149,399000,12203 Briar Forest Dr,Houston,TX,77077,4.0,3.0,2790.0,29.752062,-95.59445,SINGLE_FAMILY,357386.0,8794.764,55
80541133,945000,410 E Cortlandt St,Houston,TX,77007,3.0,3.0,2760.0,29.778137,-95.39483,SINGLE_FAMILY,1020116.0,4090.284,28
62584626,470000,4532 Lillian St,Houston,TX,77007,3.0,3.0,2123.0,29.769867,-95.40682,SINGLE_FAMILY,450000.0,1833.876,39
89636562,275900,3925 Lowden St APT A,Houston,TX,77051,3.0,3.0,1764.0,29.669897,-95.366745,TOWNHOUSE,202109.0,2500.0,92
161157198,1150000,702 Marcella St,Houston,TX,77091,4.0,4.0,6675.0,29.845665,-95.4113,SINGLE_FAMILY,451075.0,8232.84,319
161364294,529990,41 Armand Shore Dr,Houston,TX,77058,3.0,3.0,2287.0,29.562088,-95.075005,TOWNHOUSE,152768.0,1984.0,204
28128184,224900,11211 Carvel Ln,Houston,TX,77072,4.0,2.0,1723.0,29.696486,-95.575966,SINGLE_FAMILY,208566.0,7487.964,35
28491012,185000,9800 Pagewood Ln APT 2706,Houston,TX,77042,2.0,3.0,1520.0,29.72617,-95.54143,CONDO,171664.0,4.997,87
58672740,330000,13710 Hillingdale Ln,Houston,TX,77070,3.0,3.0,2227.0,29.978205,-95.55264,SINGLE_FAMILY,270439.0,5989.5,31
97602218,387000,2829 Orion St,Houston,TX,77088,4.0,3.0,1913.0,29.879263,-95.451935,SINGLE_FAMILY,277839.0,8110.872,5
27760070,1291000,1612 Heights Blvd,Houston,TX,77008,5.0,5.0,4619.0,29.800417,-95.39721,MULTI_FAMILY,1187740.0,0.25826446280991733,19
28155558,295000,859 Seacliff Dr,Houston,TX,77062,3.0,2.0,1796.0,29.557983,-95.12776,SINGLE_FAMILY,268504.0,7200.468,6
28005185,234900,9922 Caffrey St,Houston,TX,77075,4.0,2.0,1330.0,29.612873,-95.23993,SINGLE_FAMILY,171576.0,6821.496,7
58671839,475000,5631 Avalon Way,Houston,TX,77057,3.0,4.0,3016.0,29.734522,-95.47768,SINGLE_FAMILY,454000.0,2269.476,29
28005537,155000,10118 Cathedral Dr,Houston,TX,77051,3.0,1.0,1053.0,29.648369,-95.37549,SINGLE_FAMILY,121459.0,5998.212,37
27811293,225000,3322 Rosalie St,Houston,TX,77004,3.0,2.0,1416.0,29.730635,-95.354454,SINGLE_FAMILY,173980.0,5000.688,392
55483892,335000,3414 Leila Oaks Ct,Houston,TX,77082,4.0,3.0,2620.0,29.721209,-95.65625,SINGLE_FAMILY,356345.0,6673.392,6
28092943,414900,6214 Yarwell Dr,Houston,TX,77096,4.0,3.0,2360.0,29.670376,-95.50101,SINGLE_FAMILY,438908.0,8520.336,60
28445365,180000,3800 Tanglewilde St APT 806,Houston,TX,77063,2.0,3.0,1500.0,29.722614,-95.53609,TOWNHOUSE,189414.0,3.7274,48
28164396,1650000,2027 W Indies Ct,Houston,TX,77058,5.0,5.0,5525.0,29.536716,-95.08397,SINGLE_FAMILY,1081900.0,10267.092,97
339419944,495000,1913 Hoskins Dr #H,Houston,TX,77080,3.0,4.0,2101.0,29.80773,-95.52328,SINGLE_FAMILY,111911.0,1873.08,25
27764014,458500,4711 Cetti St,Houston,TX,77009,3.0,2.0,1581.0,29.802984,-95.359406,SINGLE_FAMILY,394459.0,7701.408,4
121109624,460000,2511 Golf Ridge Cir,Houston,TX,77089,4.0,4.0,3448.0,29.573717,-95.23797,SINGLE_FAMILY,440419.0,7318.08,12
28366235,199000,11016 Marshhay Ct,Houston,TX,77086,2.0,1.0,1121.0,29.936392,-95.49574,SINGLE_FAMILY,147409.0,5466.78,10
28481042,239000,18617 Egret Bay Blvd APT 1119,Houston,TX,77058,2.0,3.0,1260.0,29.539,-95.0984,CONDO,184000.0,3.0345,73
97601554,389000,2519 Kirk St,Houston,TX,77026,3.0,3.0,1929.0,29.785969,-95.32655,SINGLE_FAMILY,51250.0,5000.688,25
62596386,325000,13418 Knightsway Dr,Houston,TX,77083,5.0,3.0,2248.0,29.676868,-95.620346,SINGLE_FAMILY,245137.0,5130.0,18
28324834,99990,9538 Pagewood Ln #9583,Houston,TX,77063,2.0,3.0,1224.0,29.724957,-95.53319,CONDO,119972.0,5.1024,66
27763048,375000,306 E 32nd St,Houston,TX,77018,2.0,2.0,1040.0,29.81541,-95.395676,SINGLE_FAMILY,250000.0,9000.0,36
2053626579,295000,13158 Perennial Springs Dr,Houston,TX,77048,3.0,3.0,1546.0,29.618006,-95.35245,SINGLE_FAMILY,30048.0,2508.0,165
249895876,484900,1404 Cleburne St,Houston,TX,77004,3.0,4.0,2217.0,29.733358,-95.378,SINGLE_FAMILY,98294.0,1637.856,40
28003472,620000,1827 Watercrest Dr,Houston,TX,77008,3.0,2.0,1578.0,29.802946,-95.43684,SINGLE_FAMILY,540927.0,7213.536,13
27874469,504990,3021 King St,Houston,TX,77026,4.0,3.0,2406.0,29.818274,-95.34038,SINGLE_FAMILY,77063.0,6851.988,32
27867706,179000,14018 Eagle Pass St,Houston,TX,77015,3.0,3.0,2237.0,29.78408,-95.17533,MANUFACTURED,100379.0,5248.98,57
28001675,187500,4918 Paradise Ln,Houston,TX,77048,4.0,2.0,1236.0,29.645521,-95.351814,SINGLE_FAMILY,127700.0,6599.34,179
27792337,550000,6728 Buffalo Speedway,Houston,TX,77005,3.0,3.0,2448.0,29.706354,-95.427895,TOWNHOUSE,465550.0,3800.0,145
28197655,209000,2214 Winrock Blvd #179,Houston,TX,77057,2.0,2.0,1056.0,29.743465,-95.497826,TOWNHOUSE,158706.0,13.1068,200
126255841,560000,1144 W 17th St,Houston,TX,77008,3.0,4.0,2305.0,29.800348,-95.41956,TOWNHOUSE,623078.0,1815.0,42
28008981,399900,5502 Hummingbird St,Houston,TX,77096,4.0,3.0,1871.0,29.66173,-95.480385,SINGLE_FAMILY,305923.0,9600.624,104
339420669,409900,903 Lehman Rd #B,Houston,TX,77018,3.0,4.0,1857.0,29.83865,-95.41692,SINGLE_FAMILY,437848.0,1495.0,201
27896109,284000,743 Granville Dr,Houston,TX,77091,3.0,3.0,2216.0,29.862913,-95.41545,SINGLE_FAMILY,277731.0,7509.744,85
338061297,379990,737 Emile St,Houston,TX,77020,3.0,3.0,1824.0,29.76819,-95.32423,SINGLE_FAMILY,88144.0,1586.0,139
28365951,239900,14118 Sandy Point Ln,Houston,TX,77066,3.0,2.0,1413.0,29.941479,-95.469986,SINGLE_FAMILY,209592.0,8507.268,28
126258435,239500,2710 Hullsmith Dr #1605,Houston,TX,77063,2.0,2.0,1501.0,29.735628,-95.507614,CONDO,256033.0,2.0503,246
27851164,1798500,2120 White Oak Dr,Houston,TX,77009,3.0,4.0,4114.0,29.780136,-95.380226,SINGLE_FAMILY,1755853.0,4550.0,92
27789710,365900,6602 Avenue F,Houston,TX,77011,2.0,2.0,1200.0,29.741356,-95.308754,SINGLE_FAMILY,173930.0,5000.688,19
28504569,1370000,9211 Hudson Ct,Houston,TX,77024,4.0,4.0,4590.0,29.74792,-95.53121,SINGLE_FAMILY,1468631.0,0.2662,52
339423876,479000,503 Altic St,Houston,TX,77011,3.0,3.0,1813.0,29.740284,-95.32139,SINGLE_FAMILY,102584.0,2428.0,27
339419708,385000,1420 Weiss St,Houston,TX,77009,3.0,3.0,1614.0,29.799858,-95.35382,SINGLE_FAMILY,406376.0,2347.884,26
28465591,289000,16703 Rock East Dr,Houston,TX,77073,3.0,3.0,1720.0,30.009724,-95.42045,SINGLE_FAMILY,237190.0,4948.416,125
27844993,1950000,2920 San Felipe St,Houston,TX,77019,3.0,4.0,2538.0,29.748491,-95.41979,SINGLE_FAMILY,2103642.0,0.3501,249
28009018,355000,5427 Kingfisher Dr,Houston,TX,77096,3.0,2.0,1766.0,29.66049,-95.47871,SINGLE_FAMILY,311615.0,8650.0,89
27765540,320000,1409 Morris St,Houston,TX,77009,2.0,2.0,1148.0,29.784489,-95.35342,SINGLE_FAMILY,241735.0,5000.688,14
27825112,225000,10525 Fairfax St,Houston,TX,77029,5.0,3.0,815.0,29.76105,-95.24239,SINGLE_FAMILY,222747.0,6499.152,1
28019526,195000,10618 Leitrim Way,Houston,TX,77047,3.0,3.0,1512.0,29.64384,-95.36364,SINGLE_FAMILY,174126.0,6050.484,190
28024491,179900,3706 Goulburn Dr,Houston,TX,77045,4.0,3.0,2090.0,29.616085,-95.43231,SINGLE_FAMILY,210306.0,6821.496,62
28102176,574000,11414 Pecan Creek Dr,Houston,TX,77043,3.0,2.0,2350.0,29.788012,-95.58426,SINGLE_FAMILY,393007.0,8999.496,7
27886619,299000,8303 Jet Pilot St,Houston,TX,77075,4.0,2.0,2007.0,29.633308,-95.27077,SINGLE_FAMILY,352306.0,0.5399,98
27753653,249000,2209 Sumpter St,Houston,TX,77026,3.0,1.0,1252.0,29.779724,-95.34714,SINGLE_FAMILY,271800.0,5001.0,19
249895179,615000,315 Nagle St,Houston,TX,77003,3.0,4.0,2453.0,29.75298,-95.34606,SINGLE_FAMILY,70380.0,2016.828,91
89634296,80000,6200 W Tidwell Rd APT 402,Houston,TX,77092,2.0,2.0,1133.0,29.851265,-95.48216,CONDO,66478.0,10.1192,168
28458992,279000,7863 Lumber Jack Dr,Houston,TX,77040,4.0,3.0,1639.0,29.88577,-95.51005,SINGLE_FAMILY,195783.0,6838.92,47
27979717,399999,5413 Nina Lee Ln,Houston,TX,77092,3.0,2.0,1568.0,29.831747,-95.47212,SINGLE_FAMILY,359660.0,9038.7,12
80389240,340000,5016 Higgins St,Houston,TX,77033,3.0,2.0,3226.0,29.654058,-95.34782,MULTI_FAMILY,392317.0,7920.0,28
123233718,495000,5520 Kiam St UNIT C,Houston,TX,77007,3.0,4.0,2223.0,29.78137,-95.42093,SINGLE_FAMILY,470205.0,1951.488,51
27811308,195000,3319 Elgin St,Houston,TX,77004,2.0,1.0,840.0,29.72967,-95.35475,SINGLE_FAMILY,152686.0,5000.688,79
27914090,1999999,2628 Quenby Ave,Houston,TX,77005,5.0,6.0,4515.0,29.721891,-95.42026,SINGLE_FAMILY,1778422.0,6364.116,25
112153228,260000,10928 Chazenwood Dr,Houston,TX,77064,3.0,3.0,1535.0,29.904968,-95.58125,TOWNHOUSE,235285.0,1920.0,35
28395814,331000,14207 Torrey Vista Dr,Houston,TX,77014,4.0,3.0,2952.0,29.98216,-95.486404,SINGLE_FAMILY,306406.0,7588.152,0
28266522,199900,858 Wax Myrtle Ln,Houston,TX,77079,2.0,2.0,1260.0,29.778704,-95.5661,CONDO,209870.0,4.476,32
27879538,399000,9944 E Hardy Rd,Houston,TX,77093,3.0,1.0,1288.0,29.856369,-95.36061,SINGLE_FAMILY,151758.0,0.2841,55
28139698,755000,5055 Fallen Oaks Dr,Houston,TX,77091,4.0,3.0,2703.0,29.84742,-95.46781,SINGLE_FAMILY,296621.0,7570.728,34
27996550,309500,7245 Rhobell St,Houston,TX,77016,4.0,2.0,2473.0,29.856886,-95.2966,SINGLE_FAMILY,277380.0,7200.468,6
27971497,1850000,1713 Ronson Rd,Houston,TX,77055,6.0,6.0,4882.0,29.800583,-95.49947,SINGLE_FAMILY,782170.0,7618.644,39
161423604,375000,18615 Each Elm Way,Houston,TX,77084,4.0,3.0,2924.0,29.814388,-95.68979,SINGLE_FAMILY,400768.0,7954.056,3
70308372,337500,12402 Brentleywood Ln,Houston,TX,77070,4.0,2.0,2019.0,29.953026,-95.55956,SINGLE_FAMILY,298291.0,6734.376,5
161374781,335000,7534 Welsh Stone Ln,Houston,TX,77049,4.0,3.0,2530.0,29.83405,-95.18398,SINGLE_FAMILY,369452.0,5174.928,3
27749369,224990,505 Hahlo St,Houston,TX,77020,3.0,1.0,968.0,29.779852,-95.30925,SINGLE_FAMILY,150614.0,6250.86,59
28442279,168500,2277 S Kirkwood Rd #3/912,Houston,TX,77077,2.0,2.0,1356.0,29.741056,-95.588486,CONDO,167332.0,4.9569,13
161435668,559900,3505 Vista Terrace Ln,Houston,TX,77018,3.0,3.0,2487.0,29.819645,-95.42223,SINGLE_FAMILY,473795.0,2317.392,5
28238944,324000,15126 Walters Rd,Houston,TX,77068,4.0,3.0,2822.0,30.003115,-95.48988,SINGLE_FAMILY,284442.0,8999.496,66
28111411,260000,118 Coach Rd,Houston,TX,77060,4.0,2.0,1674.0,29.93095,-95.40523,SINGLE_FAMILY,205857.0,7148.196,0
339424094,389900,820 Curtin St #B,Houston,TX,77018,3.0,4.0,1800.0,29.831682,-95.41393,SINGLE_FAMILY,31500.0,1400.0,0
28104137,1300000,14106 Barryknoll Ln,Houston,TX,77079,5.0,4.0,3719.0,29.778873,-95.592575,SINGLE_FAMILY,1255848.0,7560.0,11
28262244,259900,4726 Blueberry Hill Dr,Houston,TX,77084,3.0,3.0,1932.0,29.845736,-95.63152,SINGLE_FAMILY,277000.0,7013.16,181
28172150,365000,12607 Indian Wells Dr,Houston,TX,77066,4.0,3.0,2690.0,29.972145,-95.51566,SINGLE_FAMILY,368201.0,9600.624,96
68428058,222500,9200 Westheimer Rd APT 506,Houston,TX,77063,2.0,3.0,1340.0,29.738504,-95.525955,TOWNHOUSE,242654.0,7.3659,77
251228148,549000,9103 Shoal Creek Dr,Houston,TX,77064,4.0,2.0,4447.0,29.946001,-95.5566,SINGLE_FAMILY,349631.0,0.7699999999999999,0
28298679,599000,1516 Bay Area Blvd,Houston,TX,77058,2.0,2.0,904.0,29.562477,-95.114204,MULTI_FAMILY,135757.0,7.7464,103
28066626,825000,5235 Yarwell Dr,Houston,TX,77096,3.0,3.0,2861.0,29.670286,-95.47266,SINGLE_FAMILY,489379.0,10585.08,21
27574321,243000,6106 Maywood Dr,Houston,TX,77053,4.0,2.0,1544.0,29.602854,-95.47479,SINGLE_FAMILY,257158.0,8637.948,132
28158795,770000,7202 Wenwood Cir,Houston,TX,77040,4.0,4.0,3058.0,29.877026,-95.49912,SINGLE_FAMILY,38129.0,0.2573,31
28019525,200000,10614 Leitrim Way,Houston,TX,77047,4.0,2.0,1383.0,29.643984,-95.363625,SINGLE_FAMILY,159010.0,6050.0,231
27869440,659000,3233 Calumet St,Houston,TX,77004,4.0,3.0,2886.0,29.713667,-95.36694,SINGLE_FAMILY,611650.0,6325.0,1
68428135,205000,9200 Westheimer Rd APT 1701,Houston,TX,77063,2.0,3.0,1180.0,29.738504,-95.525955,TOWNHOUSE,226034.0,7.3659,55
70315865,289900,8902 York Hollow Ln,Houston,TX,77044,5.0,3.0,2402.0,29.853893,-95.196396,SINGLE_FAMILY,292478.0,6943.464,51
27982425,215000,9702 Dulcimer St,Houston,TX,77051,3.0,2.0,1768.0,29.652527,-95.377304,SINGLE_FAMILY,182360.0,9143.244,153
28189008,180000,12525 Newbrook Dr,Houston,TX,77072,3.0,2.0,1264.0,29.684229,-95.6019,TOWNHOUSE,157260.0,1540.0,123
70304157,559990,5523 Felice Dr,Houston,TX,77081,4.0,5.0,3458.0,29.694801,-95.48698,SINGLE_FAMILY,577578.0,2800.908,29
80569711,850000,2028 Elmen St,Houston,TX,77019,3.0,4.0,3210.0,29.74721,-95.40409,TOWNHOUSE,714937.0,2500.0,5
27853840,945000,1204 Studewood St,Houston,TX,77008,3.0,3.0,2155.0,29.793097,-95.387596,SINGLE_FAMILY,444155.0,5000.0,16
28290954,599000,4207 W Alabama St #1,Houston,TX,77027,2.0,3.0,1831.0,29.737877,-95.449425,TOWNHOUSE,554874.0,1.1154,21
28296665,255000,12633 Memorial Dr APT 138,Houston,TX,77024,3.0,2.0,1287.0,29.765099,-95.55706,CONDO,199319.0,15.4999,105
125462379,850000,2407 Arlington St,Houston,TX,77008,4.0,3.0,2697.0,29.808634,-95.394714,SINGLE_FAMILY,753721.0,3001.284,4
27834863,1495000,3118 Tangley Rd,Houston,TX,77005,4.0,3.0,3068.0,29.720387,-95.42693,SINGLE_FAMILY,1005646.0,5248.98,5
28387432,239900,12103 W Marsham Cir,Houston,TX,77066,3.0,2.0,1046.0,29.960598,-95.48485,SINGLE_FAMILY,165784.0,5776.056,25
339421380,515000,209 Edgewood St #C,Houston,TX,77011,3.0,4.0,2310.0,29.74388,-95.3226,SINGLE_FAMILY,76373.0,2160.576,45
27875575,419000,216 Milwaukee St,Houston,TX,77009,2.0,1.0,1049.0,29.809122,-95.368256,SINGLE_FAMILY,395200.0,5301.252,242
28351959,170000,1915 Augusta Dr APT 6,Houston,TX,77057,1.0,1.0,888.0,29.745953,-95.482414,TOWNHOUSE,128517.0,1.9545,11
251275322,299995,15410 Roaming River Trl,Houston,TX,77044,3.0,2.0,1733.0,29.88089,-95.14269,SINGLE_FAMILY,260510.0,6006.924,12
27761355,860000,1129 Cortlandt St,Houston,TX,77008,6.0,3.0,2604.0,29.791882,-95.39562,SINGLE_FAMILY,704025.0,6599.34,10
55475782,599000,16710 Mystic Harbor Ln,Houston,TX,77095,5.0,4.0,4516.0,29.942787,-95.67237,SINGLE_FAMILY,529049.0,8276.4,19
28061925,490000,2019 Shadow Bend Dr,Houston,TX,77043,5.0,2.0,2514.0,29.80858,-95.55703,SINGLE_FAMILY,396890.0,8398.368,46
28205176,520000,11902 Riverview Dr,Houston,TX,77077,4.0,2.0,2750.0,29.756363,-95.58973,SINGLE_FAMILY,583090.0,8999.496,18
28223504,197000,2379 Briarwest Blvd UNIT 35,Houston,TX,77077,2.0,3.0,1344.0,29.738039,-95.611824,TOWNHOUSE,178780.0,2.9265,74
161384124,625000,15802 Bryan Creek Ct,Houston,TX,77044,4.0,4.0,4452.0,29.919228,-95.17423,SINGLE_FAMILY,610088.0,9469.944,6
28364806,254999,4134 Summit Valley Dr,Houston,TX,77082,3.0,2.0,1632.0,29.71063,-95.651566,SINGLE_FAMILY,195064.0,7021.872,49
27792811,500000,2507 Gentry St,Houston,TX,77009,4.0,2.0,720.0,29.784748,-95.362206,SINGLE_FAMILY,291084.0,8651.016,192
339421204,609000,712 W 22nd St #B,Houston,TX,77008,4.0,4.0,2340.0,29.805613,-95.41089,SINGLE_FAMILY,388341.0,1900.0,44
28293321,267000,10819 Sageriver Dr,Houston,TX,77089,3.0,3.0,1780.0,29.598606,-95.22389,SINGLE_FAMILY,226507.0,9796.644,42
80597830,260000,307 Remington Ridge Dr,Houston,TX,77073,3.0,3.0,1945.0,29.972588,-95.41716,SINGLE_FAMILY,250771.0,4608.648,281
28228973,299000,1731 Cherry Bend Dr,Houston,TX,77077,3.0,2.0,1823.0,29.746922,-95.59014,SINGLE_FAMILY,341200.0,8546.472,4
28106350,464000,7511 Olympia Dr,Houston,TX,77063,3.0,3.0,2126.0,29.743874,-95.50158,TOWNHOUSE,324899.0,2291.0,28
27751584,599000,2107 Mason St,Houston,TX,77006,3.0,4.0,2316.0,29.74947,-95.38474,SINGLE_FAMILY,509100.0,1672.704,6
28054329,205000,5606 Elm Springs Dr,Houston,TX,77048,5.0,2.0,1265.0,29.63913,-95.33592,SINGLE_FAMILY,195788.0,6438.168,14
27910568,1275000,1506 Wakefield Dr,Houston,TX,77018,4.0,4.0,3506.0,29.825296,-95.43809,SINGLE_FAMILY,1226390.0,6952.176,29
28499369,469900,14014 Haynes Dr,Houston,TX,77069,4.0,4.0,3311.0,29.98235,-95.53862,SINGLE_FAMILY,383642.0,8624.88,53
28353806,385000,7222 Birchtree Forest Dr,Houston,TX,77088,4.0,4.0,2709.0,29.866627,-95.4594,SINGLE_FAMILY,263055.0,8999.496,21
161427337,405000,4114 Guild Meadows Dr,Houston,TX,77084,4.0,3.0,2822.0,29.832205,-95.69638,SINGLE_FAMILY,414961.0,6599.34,1
123230667,369000,14550 San Pietro Dr,Houston,TX,77070,3.0,3.0,2065.0,29.990896,-95.568695,TOWNHOUSE,340728.0,2043.0,12
339421200,340000,4510 Noble St,Houston,TX,77020,3.0,3.0,1610.0,29.780283,-95.324425,SINGLE_FAMILY,241256.0,2500.344,0
245772825,840000,2029 Vermont St,Houston,TX,77019,3.0,4.0,2697.0,29.748947,-95.40938,SINGLE_FAMILY,801239.0,2086.524,20
249894207,458950,5821 E Post Oak Ln,Houston,TX,77055,3.0,4.0,2100.0,29.795923,-95.45505,SINGLE_FAMILY,453900.0,2043.0,18
97602410,260000,4831 Winfield Rd,Houston,TX,77039,2.0,3.0,2050.0,29.899464,-95.318535,SINGLE_FAMILY,210529.0,6599.34,100
28112780,285000,847 Rockbrook Dr,Houston,TX,77015,3.0,2.0,1390.0,29.788774,-95.15892,SINGLE_FAMILY,193867.0,0.3275,13
27927144,220000,757 Evanston St,Houston,TX,77015,2.0,1.0,1296.0,29.78183,-95.18275,SINGLE_FAMILY,258114.0,0.5372,63
27775302,789900,1221 Malone St,Houston,TX,77007,3.0,4.0,2901.0,29.772238,-95.41958,SINGLE_FAMILY,606832.0,2500.344,39
28178676,202000,5018 Ingomar Way,Houston,TX,77053,4.0,2.0,1325.0,29.601013,-95.45532,SINGLE_FAMILY,193736.0,6381.54,116
28542511,699000,5120 Chevy Chase Dr,Houston,TX,77056,2.0,3.0,2368.0,29.746311,-95.46509,TOWNHOUSE,586407.0,2238.0,27
27758530,549000,2505 Anita St,Houston,TX,77004,3.0,4.0,2243.0,29.735249,-95.36289,SINGLE_FAMILY,103950.0,3000.0,55
97667704,329000,6618 Knox St,Houston,TX,77091,3.0,3.0,1881.0,29.859825,-95.42256,SINGLE_FAMILY,45000.0,3001.284,14
27791432,749000,1629 Castle Ct,Houston,TX,77006,4.0,4.0,3036.0,29.73171,-95.40087,MULTI_FAMILY,585389.0,6000.0,28
28479133,184900,14020 Schroeder Rd APT 141,Houston,TX,77070,2.0,2.0,1178.0,29.9809,-95.55545,TOWNHOUSE,149402.0,5.3694,32
27794205,230000,4310 Gregory St,Houston,TX,77026,3.0,2.0,1434.0,29.791916,-95.32648,SINGLE_FAMILY,227025.0,4795.956,161
28324671,165000,8227 Kingsbrook Rd APT 222,Houston,TX,77024,2.0,2.0,1052.0,29.779951,-95.48589,CONDO,148506.0,8.552,182
28134943,165000,14819 Estrellita Dr,Houston,TX,77060,3.0,2.0,1117.0,29.916609,-95.39373,SINGLE_FAMILY,159099.0,5776.056,91
28393247,160000,10555 Turtlewood Ct UNIT 414,Houston,TX,77072,2.0,2.0,1377.0,29.700352,-95.56567,CONDO,165057.0,4.8608,13
80596283,250000,19002 Siril Dr,Houston,TX,77073,3.0,3.0,2487.0,29.97069,-95.4129,SINGLE_FAMILY,281701.0,4316.796,12
337098394,425000,7407 Rusk St #B,Houston,TX,77011,3.0,3.0,2201.0,29.731054,-95.29536,MULTI_FAMILY,381305.0,2542.0,15
28352524,105000,10075 Westpark Dr APT 101,Houston,TX,77042,2.0,2.0,1032.0,29.722788,-95.54472,TOWNHOUSE,98087.0,4.5468,282
28194493,217500,7706 Challie Ln #7706,Houston,TX,77088,2.0,3.0,1575.0,29.87848,-95.477036,TOWNHOUSE,162937.0,1271.0,5
28399691,149000,15509 Blake Way St,Houston,TX,77032,3.0,3.0,2160.0,29.943598,-95.35806,TOWNHOUSE,133045.0,2061.0,45
28346274,150001,8415 Hearth Dr APT 34,Houston,TX,77054,3.0,2.0,1308.0,29.679928,-95.41781,CONDO,124875.0,14.7915,77
28041762,1499990,10926 Leaning Ash Ln,Houston,TX,77079,4.0,3.0,3508.0,29.778898,-95.57227,SINGLE_FAMILY,1082657.0,0.5546,11
27911185,417000,4826 Ella Blvd,Houston,TX,77018,2.0,1.0,1175.0,29.836063,-95.42945,SINGLE_FAMILY,343741.0,7801.596,148
27825386,113000,13246 Glennlast Ln,Houston,TX,77037,3.0,2.0,924.0,29.89111,-95.386024,MANUFACTURED,16643.0,7169.976,46
112160658,465000,12930 Laguna Vista Ln,Houston,TX,77044,4.0,3.0,2675.0,29.961863,-95.17455,SINGLE_FAMILY,399484.0,8646.66,1
27918413,1149000,4226 Gibson St,Houston,TX,77007,4.0,5.0,3411.0,29.76708,-95.40309,SINGLE_FAMILY,845934.0,2748.636,78
27954038,265000,8136 Hamlet St,Houston,TX,77078,3.0,2.0,1325.0,29.85055,-95.276344,SINGLE_FAMILY,167097.0,0.32230000000000003,47
27968169,275000,5906 Van Fleet St,Houston,TX,77033,3.0,2.0,1627.0,29.673767,-95.33199,SINGLE_FAMILY,160144.0,8910.0,159
84058891,200000,11950 Greenglen Dr,Houston,TX,77044,4.0,2.0,1350.0,29.892553,-95.22199,SINGLE_FAMILY,162970.0,5501.628,204
27776045,384000,1504 Luzon St,Houston,TX,77009,4.0,2.0,1880.0,29.786242,-95.35275,MULTI_FAMILY,272116.0,5000.0,21
28042776,629000,3311 Freshmeadows Dr,Houston,TX,77063,4.0,2.0,2355.0,29.72942,-95.502396,SINGLE_FAMILY,497945.0,9361.044,54
27747146,430000,5207 Cornish St,Houston,TX,77007,3.0,3.0,2139.0,29.778273,-95.41406,SINGLE_FAMILY,339605.0,1494.108,33
62584331,340000,2111 Welch St APT B219,Houston,TX,77019,2.0,2.0,1509.0,29.747911,-95.411385,CONDO,313527.0,3.9775,5
62584354,289000,2100 Welch St APT C101,Houston,TX,77019,2.0,1.0,1230.0,29.748295,-95.41204,CONDO,266095.0,1.6039,25
97666667,405000,3726 Noah St,Houston,TX,77021,3.0,3.0,1850.0,29.6845,-95.36855,SINGLE_FAMILY,105000.0,2500.0,10
28502171,695000,5507 Honor Dr,Houston,TX,77041,4.0,5.0,4122.0,29.849049,-95.61037,SINGLE_FAMILY,662394.0,9199.872,107
28018403,1500000,214 Paul Revere Dr,Houston,TX,77024,4.0,3.0,3007.0,29.764273,-95.54923,SINGLE_FAMILY,1271241.0,0.5716,36
251179058,648000,5411 Vista Bluff Ln,Houston,TX,77059,4.0,4.0,3258.0,29.608631,-95.12286,SINGLE_FAMILY,597307.0,8176.212,8
28210373,475000,12625 Memorial Dr APT 155,Houston,TX,77024,3.0,3.0,2554.0,29.766033,-95.554985,TOWNHOUSE,416659.0,3349.0,8
28101482,1550000,370 Tealwood Dr,Houston,TX,77024,4.0,6.0,4979.0,29.765429,-95.547844,SINGLE_FAMILY,1379807.0,10885.644,15
27755081,289000,7308 Vinson St,Houston,TX,77088,3.0,2.0,1699.0,29.865952,-95.44242,SINGLE_FAMILY,197133.0,9861.984,35
28149590,278999,7631 White Fir Dr,Houston,TX,77088,4.0,3.0,2565.0,29.87797,-95.465004,SINGLE_FAMILY,222330.0,7919.208,629
28004161,310000,6609 Scribner Rd,Houston,TX,77074,4.0,2.0,1456.0,29.70237,-95.497795,SINGLE_FAMILY,240978.0,7880.004,47
118390227,575000,403 Fenn St,Houston,TX,77018,3.0,3.0,2538.0,29.829132,-95.40439,SINGLE_FAMILY,227831.0,2500.344,4
28262164,239000,5054 Pine Cliff Dr,Houston,TX,77084,3.0,2.0,1896.0,29.850067,-95.630394,SINGLE_FAMILY,311077.0,7130.772,431
27912806,599999,1906 Brimberry St,Houston,TX,77018,4.0,2.0,2300.0,29.833101,-95.44668,SINGLE_FAMILY,403643.0,7200.468,49
62589720,479000,6215 Sutherland Sq,Houston,TX,77081,4.0,4.0,2585.0,29.713465,-95.46943,TOWNHOUSE,362064.0,1951.0,21
28254145,349000,14847 El Miranda Dr,Houston,TX,77095,4.0,2.0,2497.0,29.884287,-95.63138,SINGLE_FAMILY,375123.0,7801.596,46
27987775,205000,7909 Nashville St,Houston,TX,77028,2.0,2.0,1260.0,29.824461,-95.283936,SINGLE_FAMILY,212866.0,4499.748,27
161216972,194900,3603 Lazywood Ln,Houston,TX,77023,3.0,1.0,1039.0,29.703257,-95.32185,SINGLE_FAMILY,165568.0,5505.984,7
27760353,999900,1545 Cortlandt St,Houston,TX,77008,4.0,3.0,2321.0,29.799484,-95.39574,SINGLE_FAMILY,1054253.0,6599.34,66
27580262,304950,7907 Addicks Clodine Rd,Houston,TX,77083,4.0,2.0,1884.0,29.691664,-95.66305,SINGLE_FAMILY,307533.0,9012.0,12
28043099,175000,5215 Amy St,Houston,TX,77028,3.0,1.0,1310.0,29.808447,-95.28649,SINGLE_FAMILY,146331.0,5248.98,59
28248663,174900,4116 Belle Park Dr #4116,Houston,TX,77072,3.0,3.0,1664.0,29.713333,-95.58349,CONDO,152296.0,1564.0,14
28294281,135000,6401 Ella Lee Ln,Houston,TX,77057,2.0,2.0,1224.0,29.73948,-95.49784,CONDO,102644.0,6.4135,46
80550197,1599000,18711 Windsor Lakes Dr,Houston,TX,77094,5.0,7.0,8648.0,29.766762,-95.6961,SINGLE_FAMILY,1720000.0,0.2994949494949495,5
245250800,522500,4930 Ella Blvd,Houston,TX,77018,3.0,3.0,2466.0,29.837112,-95.42946,SINGLE_FAMILY,455136.0,3114.54,105
84006983,379500,16951 Summer Crossing Ln,Houston,TX,77084,5.0,3.0,3536.0,29.86173,-95.662125,SINGLE_FAMILY,369794.0,6255.216,50
28084482,320000,5131 Cripple Creek Dr,Houston,TX,77017,3.0,3.0,2487.0,29.679815,-95.24767,SINGLE_FAMILY,284621.0,9217.296,67
58674424,293000,2502 Blackridge Rd,Houston,TX,77067,5.0,3.0,2607.0,29.960516,-95.45894,SINGLE_FAMILY,290645.0,5641.02,8
28542596,495000,14402 Brentshire Ln,Houston,TX,77069,4.0,4.0,3937.0,29.998005,-95.52603,SINGLE_FAMILY,476825.0,0.2712,42
28046594,429000,1810 Shadow Bend Dr,Houston,TX,77043,3.0,2.0,1855.0,29.804836,-95.556335,SINGLE_FAMILY,459208.0,8816.544,78
27954419,230000,6926 Peyton St,Houston,TX,77028,4.0,2.0,1383.0,29.819187,-95.30769,SINGLE_FAMILY,89770.0,7139.484,123
123224517,339997,9809 Fabiola Dr,Houston,TX,77075,4.0,3.0,2059.0,29.624966,-95.24947,SINGLE_FAMILY,54254.0,4835.16,117
27775679,1749000,1119 Willard St,Houston,TX,77006,3.0,4.0,4176.0,29.750946,-95.39334,SINGLE_FAMILY,550000.0,5000.688,5
28397901,239000,5603 Sage Manor Dr,Houston,TX,77084,3.0,2.0,1440.0,29.85562,-95.67437,SINGLE_FAMILY,208731.0,7400.844,7
27876753,315000,6609 Burkett St,Houston,TX,77021,3.0,3.0,1687.0,29.701122,-95.36887,SINGLE_FAMILY,266930.0,6695.172,61
118399819,645000,2425 W Main St APT B,Houston,TX,77098,3.0,4.0,2647.0,29.736172,-95.41722,TOWNHOUSE,622203.0,1489.0,18
27861219,1200000,2109 Sheridan St,Houston,TX,77030,3.0,2.0,3340.0,29.706821,-95.40787,MULTI_FAMILY,704460.0,6615.0,52
27871994,229999,5301 Bennington St,Houston,TX,77028,1.0,1.0,829.0,29.819641,-95.313385,SINGLE_FAMILY,111823.0,7200.468,25
97629187,275000,1430 Elias Peak Ct,Houston,TX,77073,3.0,2.0,1320.0,30.010307,-95.40659,SINGLE_FAMILY,216621.0,4865.652,4
27849502,530000,3319 Charleston St,Houston,TX,77021,3.0,3.0,2350.0,29.707012,-95.37046,SINGLE_FAMILY,438269.0,9199.872,1
27803989,235000,10327 Mayberry St,Houston,TX,77078,3.0,2.0,1925.0,29.862846,-95.26579,SINGLE_FAMILY,208375.0,0.4591,54
27756759,750000,2405 Yoakum Blvd,Houston,TX,77006,2.0,2.0,1540.0,29.747812,-95.392555,SINGLE_FAMILY,638682.0,5649.732,2
27939643,279999,7129 Gracia St,Houston,TX,77076,3.0,3.0,2288.0,29.865734,-95.39579,SINGLE_FAMILY,289536.0,8999.496,26
28001271,255000,12222 Dumas St,Houston,TX,77034,3.0,2.0,1640.0,29.626925,-95.20772,SINGLE_FAMILY,193050.0,7540.236,25
28241651,249000,12210 De Forrest St,Houston,TX,77066,4.0,2.0,1863.0,29.97458,-95.49615,SINGLE_FAMILY,234184.0,7278.876,12
28424674,40000,12500 Sandpiper Dr APT 26,Houston,TX,77035,1.0,1.0,729.0,29.640802,-95.50385,CONDO,51150.0,4.5457,127
27921374,225000,4440 Castor St,Houston,TX,77022,2.0,2.0,1240.0,29.829906,-95.38842,SINGLE_FAMILY,313154.0,9048.0,23
123226002,229000,2710 Hullsmith Dr #201,Houston,TX,77063,2.0,2.0,1501.0,29.735628,-95.507614,CONDO,256033.0,2.0503,27
70306477,374000,9814 Riddlelink Ln,Houston,TX,77025,3.0,3.0,2398.0,29.676546,-95.43679,SINGLE_FAMILY,309903.0,2130.084,43
28220369,185000,13954 Hollowgreen Dr #25,Houston,TX,77082,2.0,3.0,1460.0,29.73155,-95.635574,TOWNHOUSE,188823.0,1424.0,123
339422003,685000,1518 Houston Ave,Houston,TX,77007,4.0,4.0,2868.0,29.772068,-95.371994,SINGLE_FAMILY,365733.0,2330.46,76
59756221,369000,8518 Fredericksburg Ln,Houston,TX,77083,3.0,3.0,2770.0,29.681366,-95.67881,SINGLE_FAMILY,326653.0,6856.344,41
28377944,142000,15336 W Little York Rd #208,Houston,TX,77084,1.0,2.0,972.0,29.867958,-95.63972,TOWNHOUSE,136433.0,1495.0,4
68426707,254900,8510 Village Hollow Ln,Houston,TX,77072,3.0,2.0,1326.0,29.686361,-95.61029,SINGLE_FAMILY,212073.0,4399.56,17
28089429,420000,18307 Cape Bahamas Ln,Houston,TX,77058,4.0,3.0,2192.0,29.542477,-95.0965,SINGLE_FAMILY,347840.0,8881.884,24
2058541984,344990,1215 Highland Square Ln,Houston,TX,77091,2.0,2.0,1468.0,29.85151,-95.431076,SINGLE_FAMILY,76306.0,1725.0,139
28089457,379000,18314 Carriage Ln,Houston,TX,77058,4.0,3.0,3309.0,29.542862,-95.095215,SINGLE_FAMILY,399879.0,8881.884,53
68425045,172900,8935 Windfern Trace Dr,Houston,TX,77064,3.0,2.0,1153.0,29.930962,-95.550735,SINGLE_FAMILY,207746.0,3911.688,104
126278282,399900,5414 Robusto Pl,Houston,TX,77091,3.0,3.0,1936.0,29.844995,-95.443825,SINGLE_FAMILY,348347.0,2835.756,41
84040946,306000,19406 Hillside Springs Cir,Houston,TX,77084,4.0,3.0,2366.0,29.812456,-95.70864,SINGLE_FAMILY,302535.0,4726.26,4
80565181,1599000,3523 Louvre Ln,Houston,TX,77082,4.0,5.0,3913.0,29.720076,-95.58789,SINGLE_FAMILY,1080256.0,9814.068,3
28035016,423000,10818 Hillcroft St,Houston,TX,77096,3.0,2.0,1846.0,29.662218,-95.49259,SINGLE_FAMILY,284594.0,8058.6,81
27895294,215000,3407 Coal St,Houston,TX,77026,3.0,2.0,1410.0,29.801552,-95.33478,SINGLE_FAMILY,99397.0,7562.016,65
27936774,575000,2709 Helberg Rd,Houston,TX,77092,3.0,2.0,2004.0,29.811844,-95.454956,SINGLE_FAMILY,437908.0,8550.828,63
305339143,711000,5816 Winsome Ln #A,Houston,TX,77057,3.0,4.0,2593.0,29.73567,-95.48157,SINGLE_FAMILY,540000.0,2069.1,7
28321094,375000,1658 Beaconshire Rd,Houston,TX,77077,4.0,3.0,2661.0,29.7507,-95.61186,SINGLE_FAMILY,349377.0,5222.844,13
123239996,569900,818 Yale St #A,Houston,TX,77007,3.0,4.0,2107.0,29.785892,-95.39856,SINGLE_FAMILY,572500.0,1637.856,41
28012054,378000,6118 Shadow Crest St,Houston,TX,77074,4.0,2.0,2137.0,29.68064,-95.49913,SINGLE_FAMILY,230004.0,8576.964,13
27938930,160000,3610 Broad St,Houston,TX,77087,3.0,1.0,1348.0,29.696453,-95.3113,SINGLE_FAMILY,111904.0,7200.468,26
89650684,950000,5526 McCulloch Cir,Houston,TX,77056,3.0,4.0,3183.0,29.732279,-95.47522,SINGLE_FAMILY,1006318.0,7365.996,109
97666606,348900,4605 Larkspur St,Houston,TX,77051,3.0,2.0,2250.0,29.661495,-95.358345,SINGLE_FAMILY,322146.0,5048.604,23
27780134,799000,4905 Jackson St,Houston,TX,77004,2.0,2.0,2704.0,29.726395,-95.37984,MULTI_FAMILY,590000.0,8750.0,74
117925374,899000,614 Pink Azalea Trl,Houston,TX,77079,4.0,6.0,4979.0,29.772886,-95.61797,SINGLE_FAMILY,983610.0,4003.164,40
62572403,390000,8314 Major Blizzard Dr,Houston,TX,77089,4.0,3.0,2326.0,29.585676,-95.24864,SINGLE_FAMILY,353118.0,7200.468,10
27907766,145000,4630 Larkspur St,Houston,TX,77051,2.0,1.0,750.0,29.661106,-95.35738,SINGLE_FAMILY,110521.0,5000.688,183
27589752,359999,15035 Vistamont Dr,Houston,TX,77083,4.0,3.0,2299.0,29.680252,-95.652336,SINGLE_FAMILY,356603.0,9509.148,0
27822295,390000,3914 Lamar St,Houston,TX,77023,3.0,2.0,1464.0,29.74221,-95.33968,SINGLE_FAMILY,249521.0,5000.0,92
28025115,595000,4514 Nenana Dr,Houston,TX,77035,3.0,3.0,2622.0,29.670218,-95.45377,SINGLE_FAMILY,442244.0,10206.108,13
27787366,380000,3230 Bremond St,Houston,TX,77004,2.0,1.0,892.0,29.734856,-95.35354,MULTI_FAMILY,198098.0,5000.0,64
28042407,799995,7618 Highmeadow Dr,Houston,TX,77063,3.0,3.0,2527.0,29.734934,-95.50382,SINGLE_FAMILY,466634.0,9674.676,81
28347334,138000,2100 Tanglewilde St APT 211,Houston,TX,77063,1.0,2.0,1200.0,29.745657,-95.53538,CONDO,127466.0,12.0919,64
28545626,365000,8734 Backcove Ct,Houston,TX,77064,4.0,2.0,2223.0,29.89944,-95.553795,SINGLE_FAMILY,310931.0,6865.056,75
339422181,310000,2015 Brackenridge St #A,Houston,TX,77026,3.0,3.0,1620.0,29.78051,-95.34118,SINGLE_FAMILY,226003.0,2000.0,36
89636000,295000,1703 Macclesby Ln,Houston,TX,77049,4.0,3.0,2706.0,29.806694,-95.150024,SINGLE_FAMILY,322629.0,5501.628,23
28220582,205000,2815 Panagard Dr #38,Houston,TX,77082,2.0,3.0,1460.0,29.731213,-95.63253,CONDO,197316.0,1424.0,68
28004645,290000,6821 Concho St,Houston,TX,77074,4.0,2.0,1860.0,29.692638,-95.504395,SINGLE_FAMILY,267911.0,7871.292,60
28255374,265000,10114 Sagetrail Dr,Houston,TX,77089,3.0,2.0,1456.0,29.597418,-95.24153,SINGLE_FAMILY,241069.0,10436.976,1
27931250,329000,3200 Bellefontaine St APT 73,Houston,TX,77025,2.0,3.0,1376.0,29.703629,-95.429245,TOWNHOUSE,338250.0,1389.0,89
123236617,650000,13607 Kingston River Ln,Houston,TX,77044,5.0,5.0,4299.0,29.919155,-95.19344,SINGLE_FAMILY,610000.0,0.2913,29
28145507,214999,12103 Wessex Dr,Houston,TX,77089,3.0,2.0,1187.0,29.590332,-95.19314,SINGLE_FAMILY,222426.0,8799.12,46
28207230,485000,12123 Waldemar Dr,Houston,TX,77077,4.0,3.0,2504.0,29.744814,-95.59416,SINGLE_FAMILY,410717.0,7866.936,19
28216236,262000,10711 Sagebluff Dr,Houston,TX,77089,3.0,2.0,1939.0,29.59203,-95.23497,SINGLE_FAMILY,257109.0,7148.196,129
28298588,115000,1516 Bay Area Blvd APT E7,Houston,TX,77058,2.0,2.0,988.0,29.562155,-95.11461,CONDO,117383.0,7.7464,31
2054916230,398000,4012 Saint Peter Ln,Houston,TX,77045,3.0,3.0,1800.0,29.643976,-95.438095,SINGLE_FAMILY,19800.0,2576.0,25
28481147,214900,3284 Holly Hall St #3284,Houston,TX,77054,2.0,3.0,1600.0,29.686558,-95.380554,CONDO,203079.0,15.5427,96
28409784,195000,8299 Cambridge St APT 1003,Houston,TX,77054,3.0,3.0,1302.0,29.686844,-95.39513,CONDO,145767.0,1.2577,97
27855836,599000,9406 Intervale St,Houston,TX,77075,2.0,1.0,3456.0,29.637108,-95.24855,MULTI_FAMILY,338429.0,10000.0,119
27812445,175000,8110 Livingston St,Houston,TX,77051,2.0,1.0,773.0,29.673693,-95.37226,SINGLE_FAMILY,121881.0,5000.0,311
28259428,247000,5218 Wickview Ln,Houston,TX,77053,3.0,3.0,2148.0,29.599344,-95.460464,SINGLE_FAMILY,262828.0,6324.912,1
27760098,729900,301 W 17th St,Houston,TX,77008,3.0,2.0,1590.0,29.80112,-95.40159,SINGLE_FAMILY,614240.0,3711.312,97
28398968,210000,7826 Hillbarn Dr,Houston,TX,77040,2.0,2.0,1026.0,29.889666,-95.5207,SINGLE_FAMILY,218737.0,3001.284,5
27910712,1645000,1345 Chamboard Ln,Houston,TX,77018,4.0,5.0,4238.0,29.830044,-95.43444,SINGLE_FAMILY,481997.0,8398.368,119
28528991,499999,16803 Sandestine Dr,Houston,TX,77095,6.0,4.0,3864.0,29.899675,-95.67025,SINGLE_FAMILY,450096.0,0.2524,11
68421065,249000,1520 Kew Garden Dr,Houston,TX,77047,3.0,2.0,1608.0,29.627583,-95.393394,SINGLE_FAMILY,260932.0,4408.272,94
161385761,345000,14543 Gable Mountain Cir,Houston,TX,77090,4.0,3.0,2893.0,29.994783,-95.446,SINGLE_FAMILY,335285.0,7013.16,14
27959578,184997,9906 Gloyna St,Houston,TX,77088,3.0,2.0,768.0,29.88596,-95.455246,SINGLE_FAMILY,113291.0,4011.876,34
27816484,379997,524 N Jenkins St,Houston,TX,77003,3.0,2.0,1460.0,29.753277,-95.32735,SINGLE_FAMILY,222711.0,4451.832,25
27937963,179500,8157 Record St,Houston,TX,77028,3.0,1.0,1050.0,29.846981,-95.27765,SINGLE_FAMILY,176506.0,7200.468,130
126314526,354900,4910 Climbing Ivy Cir,Houston,TX,77084,4.0,3.0,3068.0,29.844164,-95.69571,SINGLE_FAMILY,363327.0,6246.504,56
28166008,239900,9807 Kindletree Cir,Houston,TX,77040,4.0,3.0,2186.0,29.883286,-95.500496,SINGLE_FAMILY,279165.0,10031.868,109
251267402,574000,13102 Twilight Cove Ct,Houston,TX,77044,5.0,5.0,4859.0,29.94461,-95.17396,SINGLE_FAMILY,607434.0,0.2855,74
27776754,235000,1310 Evelyn St,Houston,TX,77009,3.0,1.0,1272.0,29.802444,-95.35487,SINGLE_FAMILY,237373.0,6250.86,350
28054912,300000,6210 Guadalupe St,Houston,TX,77016,4.0,2.0,3305.0,29.883362,-95.29626,SINGLE_FAMILY,256596.0,6838.92,167
